Timestamp,Temperature_C,Humidity_Percent,PM1.0,PM2.5,PM10,MQ2,MQ4,MQ6,MQ7,MQ8,MQ131,MQ135
2026-08-06 06:01:05,31.4,73.2,0,0,35,210,185,142,320,198,87,163
2026-08-06 06:01:07,31.4,73.3,0,0,36,212,186,143,322,199,88,164
2026-08-06 06:03:12,31.5,73.5,0,0,37,215,188,145,325,201,89,165
2026-08-06 06:03:14,31.5,73.5,0,0,37,214,187,144,324,200,88,165
2026-08-06 06:05:22,31.5,73.8,0,0,38,218,190,147,328,203,90,167
2026-08-06 06:05:24,31.6,73.9,0,0,38,217,189,146,327,202,90,166
2026-08-06 06:19:33,31.6,74.1,0,0,40,222,193,150,333,206,92,170
2026-08-06 06:19:35,31.6,74.2,0,0,41,223,194,151,334,207,92,170
2026-08-06 06:21:44,31.8,74.7,0,0,0,228,197,154,339,210,94,173
2026-08-06 06:21:46,31.8,74.8,0,0,0,229,198,155,340,211,95,174
2026-08-06 06:23:30,31.7,7.0,0,0,42,231,199,156,342,212,95,175
2026-08-06 06:23:32,31.7,74.6,0,0,43,232,200,157,343,213,96,175
2026-08-06 06:25:44,31.8,74.7,0,0,40,235,202,159,346,215,97,177
2026-08-06 06:25:46,31.8,74.8,0,0,41,236,203,160,347,216,97,178
2026-08-06 06:27:55,31.8,74.9,0,0,39,238,204,161,349,217,98,179
2026-08-06 06:27:57,31.9,75.0,0,0,40,239,205,162,350,218,99,179
2026-08-06 06:29:08,31.9,75.1,0,0,38,241,206,163,352,219,99,180
2026-08-06 06:29:10,31.9,75.1,0,0,39,242,207,164,353,220,100,181
2026-08-06 06:31:20,32.0,75.2,0,0,37,244,208,165,355,221,100,182
2026-08-06 06:31:22,32.0,75.2,0,0,38,245,209,166,356,222,101,182
2026-08-06 06:33:35,32.0,75.3,0,0,36,247,210,167,358,223,101,183
2026-08-06 06:33:37,32.1,75.4,0,0,37,248,211,168,359,224,102,184
2026-08-06 06:35:48,32.1,75.4,0,0,35,250,212,169,361,225,102,185
2026-08-06 06:35:50,32.1,75.5,0,0,36,251,213,170,362,226,103,185
2026-08-06 06:37:02,32.1,75.5,0,0,34,252,214,171,363,227,103,186
2026-08-06 06:37:04,32.1,75.6,0,0,35,253,215,172,364,228,104,186
2026-08-06 06:39:15,32.1,75.6,0,17,39,255,216,173,366,229,104,187
2026-08-06 06:39:17,32.1,75.7,0,18,41,256,217,174,367,230,105,188
2026-08-06 06:41:28,32.1,75.7,0,19,43,258,218,175,369,231,105,189
2026-08-06 06:41:30,32.1,75.8,0,20,44,259,219,176,370,232,106,189
2026-08-06 06:42:25,32.1,75.8,0,20,43,260,220,177,371,233,0,190
